{"cameraMode":{"drawMode":0,"name":"Shaded","section":"Shading Mode"},"sceneLighting":true,"audioPlay":false,"sceneViewState":{"showFog":true,"showMaterialUpdate":false,"showSkybox":true,"showFlares":true,"showImageEffects":true,"showParticleSystems":true,"showVisualEffectGraphs":true,"m_FxEnabled":true},"in2DMode":false,"pivot":{"x":582.4583129882813,"y":-4.847157955169678,"z":327.5194091796875},"rotation":{"x":-0.005719790700823069,"y":0.9924449920654297,"z":-0.050968609750270846,"w":-0.11174364387989044},"size":30.257837295532228,"orthographic":false}