{"cameraMode":{"drawMode":0,"name":"Shaded","section":"Shading Mode"},"sceneLighting":true,"audioPlay":false,"sceneViewState":{"showFog":true,"showMaterialUpdate":false,"showSkybox":true,"showFlares":true,"showImageEffects":true,"showParticleSystems":true,"showVisualEffectGraphs":true,"m_FxEnabled":true},"in2DMode":false,"pivot":{"x":623.0806884765625,"y":6.7210822105407719,"z":428.87579345703127},"rotation":{"x":0.047069210559129718,"y":-0.6955516934394836,"z":-0.04575703293085098,"w":-0.7154878377914429},"size":15.855478286743164,"orthographic":false}